jp,cn,kr,en
ユエナとの約束の夜。,今晚是我和由依奈的约定之夜。,유에나와 맺은 약속의 밤.,
「いやいやいや、大袈裟だ大袈裟だ」,“不不不，太夸张了太夸张了。”,"「아니, 아니, 아니. 너무 지나쳐.」",
なんていうと大層に聞こえるけれど、実際はきっとそうではない。,虽然听起来很夸张，但实际肯定不是那么回事。,"약속의 밤이라고 말하니 거창하게 들리지만, 사실은 그렇지도 않다.",
朝から降り続けていた雨は無事に夜にはあがった。,下了一整天的雨，也终于在傍晚停下了。,아침부터 내리던 비가 다행히 밤에는 그쳤다.,
ぼくは濡れたアスファルトの上を早歩きにならないように慎重に歩く。,我为了不让自己走得太快，很谨慎地走在柏油马路上。,나는 젖은 아스팔트 위를 너무 빨리 걷지 않도록 조심히 걸었다.,
「なんでこんな緊張しちゃうんだ」,“为什么我会这么紧张啊？”,「왜 이렇게 긴장되는 거야.」,
ぼくは今、妙にドキドキしている。,我现在心里莫名地忐忑。,가슴이 묘하게 떨려 온다.,
それもそのはず、夜にまだよく知らない女の子と約束して会うなんて、そんな逢瀬のようなことはこれまでに経験がない。,不过这也自然，毕竟“和一个不太熟悉的女孩子约在晚上见面”这种类似幽会的事情，我可从来没有经历过。,"그도 그럴 것이, 잘 모르는 여자아이와 약속해 밤에 만나는 것이다. 이런 밀회 같은 만남은 처음이다.",
ポケットからスマホを取り出して時間を確認する。,我从兜里掏出手机，看了看时间。,주머니에서 스마트폰을 꺼내 시간을 확인한다.,
18:40,18:40,18:40,
スマホのホーム画面にはそう映し出されている。,手机屏幕上这么显示着。,스마트폰 홈 화면에 시간이 표시된다.,
「昨日も、このくらいの時間だったよね？」,“昨天也差不多是这个时间吧？”,「어제도 이 시간쯤이었지?」,
そう自問自答してみても答えを言ってくれるものはいない。,就算这么自问自答，也没有人回答我。,그렇게 물어도 답해 줄 사람은 없다.,
泉が近づくにつれ、足裏が地面を踏む感触が薄れていく。,我离泉水越来越近，脚底也越来越不踏实了。,"샘에 가까워질수록, 땅바닥을 밟는 감각이 점점 옅어진다.",
地面と足裏の間に見えないやわらかい空気みたいなのが入り込んで、浮き足立つってこんな感じなのかと実感する。,就像是地面和脚底中间涌进了莫名其妙的气体，不由得体会到什么叫做“不踏实感”。,"땅바닥과 발바닥 사이에 보이지 않는 부드러운 공기막 같은 것이 들어와, 마치 지면에서 떠 있는 기분이었다.",
「ふぅ」,“呼。”,「휴.」,
泉のすぐそばまでやってきた。,我走到了泉水旁边。,샘 바로 근처까지 찾아왔다.,
果たしてユエナはちゃんといるんだろうか、そんな不安を胸に舗装された道を外れ泉を目指す。,不知道由依奈到底会不会在这里，我怀着不安离开道路朝泉水走去。,"과연 유에나는 이곳에 와 있을까. 그런 불안감을 안은 채, 포장된 길을 벗어나 샘으로 향한다.",
遠い場所から目が合っても気まずいのでなるべく下を向きながら歩く。,感觉远远对上眼睛有些尴尬，所以我是尽可能低着头走的。,멀리서 눈이 마주치면 거북하니 가급적 아래를 보며 걷는다.,
空はまだ完全に真っ暗でもなく、今日も月がでていて明るいのにぼくは明かりを灯すふりをしてスマホをいじる。,天也没完全黑下来，月亮也挺亮的，但我却假装要打开照明，摆弄着手机。,하늘은 아직 완전히 어두워지지 않았다. 오늘도 달이 밝게 떠 있지만 나는 불빛을 찾는 척 스마트폰을 만진다.,
「そろそろかな」,“应该差不多了吧。”,「거의 다 왔어.」,
ぼくはスマホをポケットにしまって泉へやってきた。,我把手机收进口袋，走到了泉水边。,나는 스마트폰을 주머니에 넣고 앞으로 나아갔다.,
「……」,“……”,「…….」,
――ちゃんとユエナはいた。,——由依奈在这里。,――다행히 유에나가 있다.,
昨日と同じようにまた泉の中央に。,跟昨天一样，在泉水的正中央。,어제와 같이 또 샘 한가운데에.,
「なんだって、また」,“不是，你怎么又……”,「무슨 생각으로 또.」,
あのマジックができるのなら濡れても問題ないのかもしれないけど、それでもなんで泉の中にいるんだろう。,虽然有那个魔法，所以衣服湿了不是什么问题，可她又为什么要待在水里呢？,"그 마법이 있으니 젖어도 상관은 없겠지만, 어째서 샘 가운데에 있는 걸까.",
そういうのも色々今日聞いてみればいいか。,如果今天也能问问就好了。,그런 것도 포함해 오늘은 이것저것 물어보면 되겠다.,
「えーと、ユエナこんばんは」,“那个……晚上好啊，由依奈。”,"「저기, 유에나. 안녕.」",
ユエナが泉にいるのを見るのはこれで二回目、いや三回目か。どちらにしろこの状況に若干慣れてしまっている自分に驚きながらユエナに声をかける。,我应该是第二次……不对，是第三次看见她在泉水里了。不管怎么说，我居然都有些习惯这状况并向她搭话，心下还是有些吃惊的。,"샘에 빠진 유에나를 보는 것은 이걸로 두 번째, 아니 세 번째인가. 하여튼 이 상황에 다소 익숙해졌다는 것에 스스로 놀라며 유에나에게 인사했다.",
ユエナはぼくに気づき視線を向けた。,由依奈也注意到了我，把脑袋转向这边来。,유에나가 내 인기척을 느끼고 시선을 돌렸다.,
「ともき」,“智纪。”,「토모키.」,
ユエナがぼくの名前を呟いた。,由依奈念出了我的名字。,유에나가 내 이름을 중얼거린다.,
「また水の中入ってるんだね。だめってことではないけど」,“你又进水里了啊，虽然不是不行啊。”,「또 물에 들어가 있네. 안 될 건 없지만.」,
ユエナが一度水面を覗き込んでから、こくんと頷く。,由依奈看了下水面，点了点头。,유에나가 수면을 한번 바라본 다음 고개를 끄덕였다.,
「そこって魚がいたりするの？」,“那里难道有鱼吗？”,「거기 물고기라도 있어?」,
「魚？」,“鱼？”,「물고기?」,
ユエナは空を仰いでうーんと考えてから、,由依奈抬头望天，思考了一下，,유에나는 하늘을 올려다보며 깊이 고민하다가,
「分からない」,“不知道。”,「모르겠어.」,
そう答える。,这么回答道。,그렇게 답했다.,
「あ、そうなんだ」,“啊，这样啊。”,"「아, 그렇구나.」",
魚取りではない、と。,看来并不是抓鱼了。,물고기 잡이는 아니고.,
心の中のチェックシートに×をつける。,我把心中的列表中的这一项给划去了。,마음속 체크 리스트에 X표를 그린다.,
「そこって冷たくない？　風邪ひかない？」,“那里不冷吗？不会感冒吗？”,「차갑지는 않아? 감기 안 걸려?」,
「うん」,“嗯。”,「응.」,
「もしかして何かさがしものがあったりするなら手伝うよ」,“如果有什么问题，我也可以帮忙的。”,「혹시 물건 찾는 거라면 도와줄게.」,
「違う」,“不是”,「아니야.」,
「そ、そっか」,“啊，是吗。”,"「그, 그래?」",
「じゃあ、そこって気持ちいい？」,“那……那里很舒服吗？”,「그럼 거기 있으면 기분이 좋아?」,
昨日のぼくはそれなりに気持ちが良かったけど。,虽然昨天我也算挺舒服的。,어제 나는 그럭저럭 기분 좋았는데.,
「んー、そんなに」,“嗯……并没有。”,"「음, 그다지.」",
どうやらユエナはそうでもないらしい。,看来她也不是这么想的。,아무래도 유에나는 아닌 듯하다.,
ぼくはどんどん心の中のチェックシートに×をつける。,我心里的列表基本都被划了个遍了。,나는 계속해서 체크 리스트에 X표를 친다.,
「なるほどね〜」,“原来如此啊～”,「그렇구나~」,
これはまるであれみたいだ。それは赤いですか？ それは動きますか？ みたいな質問をしていって最終的にそれはなになにですね、と答えるゲーム。,这好像就跟那个差不多——那是红色的吗？那个能动吗？——最后归结到“那是什么”的问答游戏上。,이건 꼭 그거 같다. 그건 빨간색인가요? 움직이나요? 이런 질문을 해서 마지막에 무엇인지 맞히는 게임.,
ゲームの名前は分からないけど、そう考えると楽しくなってぼくは質問を考える。,虽然我不清楚那个游戏叫什么，不过因为挺有趣的，所以我也考虑起来问什么。,"게임 이름은 모르겠지만, 그렇게 생각하니 신이 나 질문을 생각했다.",
「えーと、じゃあ次は……」,“那么，下一个……”,"「어, 그럼 다음은…….」",
「ともき」,“智纪。”,「토모키.」,
「え、なに？」,“哎，怎么？”,"「응, 왜?」",
名前をよばれる。,由依奈在叫我的名字。,이름을 부른다.,
ユエナはすぐに何かを言う訳でもなく、このゲームはここでおしまいとでもいうようにじゃぶじゃぶと水を割ってこちらへ向かってきた。,但她也并没有继续说下去，而是直接涉水过来，仿佛在说游戏到此为止。,"유에나는 그 뒤로 아무 말도 하지 않고, 게임은 끝났다는 듯 첨벙첨벙 물을 가르며 이쪽으로 다가왔다.",
泉からあがってきたユエナが正面に立つ。,由依奈从泉水里出来，站在我面前。,샘에서 나온 유에나가 정면에 선다.,
昨日と同じように、全身がびしょびしょだ。なんだってまたこんなことを……。,跟昨天一样，浑身都湿漉漉的。为什么又是这样子……,어제와 다름없이 온몸이 흠뻑 젖었다. 대체 왜 또 이런 짓을…….,
「また乾かす？」,“又要烘干吗？”,「또 말릴 거야?」,
「うん」,“嗯。”,「응.」,
「あ、はい了解です」,“啊，好，明白了。”,"「아, 네. 알겠습니다.」",
ぼくはユエナから自然と距離をとる。,我很自然地拉开了和由依奈的距离。,나는 자연스레 뒤로 물러났다.,
ユエナはぼくが離れるのをまって、またあの魔法のようなマジックを披露した。,她则是等着我拉开距离，然后又施展了一遍那宛如魔法一般的魔术。,"유에나는 내가 충분히 물러날 때까지 기다려, 다시 한 번 신비한 마법을 보여 주었다.",
「……っ」,“……”,「……응.」,
乾かすというよりも水滴を弾き飛ばすような、そんなマジックの弊害である飛んでくるたくさんの水滴から顔を守りながら、ぼくはますますユエナという子が不思議で仕方がなかった。,与其说是 “烘干”，更像是把水滴弹出来的感觉。我则是用手阻挡着“魔术的危害”，心里却对这个叫做由依奈的女孩子愈发感到好奇了。,"말린다는 표현보다는 물방울을 전부 튕겨내는 느낌이다. 나는 얼굴로 날아드는 물방울을 막으면서, 점점 더 유에나란 아이의 신비함에 빠져들었다.",
「ともき、濡れた？」,“智纪，弄湿了？”,"「토모키, 젖었어?」",
マジックを披露し終えたユエナがゆっくり歩み寄ってくる。,她表演完魔术，慢慢走了过来。,마법을 끝낸 유에나가 천천히 걸어온다.,
「少しね」,“稍微有点。”,「조금.」,
「乾かす？」,“要弄干吗？”,「말릴 거야?」,
「ううん、いいよ。濡れたといってもほんの少しだし」,“啊，不用了。也就湿了那么一点点。”,"「아니, 괜찮아. 엄청 조금밖에 안 젖었으니까.」",
ここで濡れたといったらまた服を交換させられることになる。,如果我说弄湿了，她肯定又要我换衣服。,여기서 젖었다고 말하면 또 옷을 교환하게 될 것이다.,
あれが決してすごい嫌だったかと聞かれればぼくはそうでもないと答えるけど、できればもう二度とやりたいことではなかった。,虽然说不上非常讨厌，但我也不想再来一次那样的事情了。,"죽을 만큼 싫었느냐고 묻는다면 그 정도는 아니라고 대답하겠지만, 가능하다면 두 번 다시 하고 싶지 않은 경험이다.",
「ともき」,“智纪。”,「토모키.」,
「なに？」,“什么？”,「왜?」,
「遠花火」,“空焰火。”,「별꽃.」,
「あ、そうだったね」,“啊，对了。”,"「아, 그랬지.」",
「……うん」,“……嗯。”,「……응.」,
ユエナはこくんと頷く。,她点了点头。,유에나가 고개를 끄덕인다.,
「じゃあ立っているのもあれだし、あそこに座ろう」,“站着也不是事，坐那里吧。”,"「그럼 서서 이야기하는 것도 뭐하니까, 저기에 앉자.」",
ぼくが指さしたのは泉の脇にある倒木。,我指向了倒在泉水旁边的树木。,나는 샘 옆에 쓰러진 나무를 가리켰다.,
ぬかるんだ地面に座るよりはあそこが一番良いだろう。,与其坐在湿漉漉的地上，坐那里肯定是最合适的。,진흙 위에 앉는 것보단 나무가 훨씬 나을 것이다.,
ぼくらはそこへ移動して倒木に座る。,我们走到了那棵倒树，坐了下来。,우리는 그곳으로 이동해 쓰러진 나무 위에 앉았다.,
「少し湿っているから、無理に座らなくてもいいよ」,“还是有那么点湿的，别勉强自己坐下啊。”,「살짝 축축하니까 억지로 안 앉아도 돼.」,
「だいじょうぶ」,“没事的。”,「괜찮아.」,
そういってユエナはぼくのすぐ横に座る。,她这么说着，直接坐在了我身边。,유에나가 내 바로 옆에 앉았다.,
……。,……,…….,
……近い。,……好近。,……가까워.,
「ユエナさん？」,“由依奈小姐。”,「유에나 양?」,
「ユエナサンじゃない、ユエナ」,“不是由依奈小姐，是由依奈。”,「유에나양이 아니야. 유에나.」,
「あ、うん、ユエナ」,“啊，嗯，由依奈。”,"「아, 응, 유에나.」",
「ん？」,“嗯？”,「응?」,
「もう少しだけ離れてほしい……かな」,“希望你能离我……再远一点吧？”,「조금만 옆으로 가줬으면…… 좋겠는데.」,
「わたしは、だいじょうぶ」,“我，没事的。”,"「나는, 괜찮아.」",
「ぼくがだいじょうぶじゃないんだけど……まあ、いいか」,“可我有事啊……算了，没事。”,"「내가 안 괜찮은데……. 아이, 모르겠다.」",
こういう距離が近いのは先輩のからかいで少しは慣れたと思っていたけど、そうではないらしい。,因为学姐经常开我玩笑，所以我以为我已经习惯和女孩子之间保持这么近的距离了，但看来似乎并不是这样。,"이런 상황은 선배님의 장난 때문에 익숙해졌다고 생각했는데, 그렇지 않은 듯하다.",
何かの香水だったりするのか、嗅いだことのない不思議な香りがユエナから漂ってぼくの鼻の奥をくすぐる。,由依奈身上飘来了一种我没有闻过的，类似于某种香水的味道，弄得我鼻子痒痒的。,"무슨 향수라도 뿌린 것일까, 맡아 본 적 없는 신비로운 향기가 풍겨와 코 안쪽을 간질인다.",
「ユエ……」,“由依……”,「유에…….」,
「ともき、遠花火」,“智纪，空焰火。”,"「토모키, 별꽃.」",
「あ、はい」,“啊，好。”,"「아, 넵.」",
ぼくはポケットからスマホを取り出す。,我从兜里掏出了手机。,나는 주머니에서 스마트폰을 꺼냈다.,
画面を何度か操作して、動画を再生する。,稍微操作了一下，播放起了视频。,화면을 여러 번 두드려 영상을 재생한다.,
「……はぉ」,“……豁……”,「……후아.」,
ユエナはよくわからない声をあげてぐっと画面を覗き込む。,由依奈有些不知所云地看着屏幕。,유에나가 요상한 소리를 내며 화면을 들여다본다.,
「あ、見づらい？　持っていいよ」,“啊，不方便看吗，要不拿着？”,"「아, 잘 안 보여? 들고 봐도 돼.」",
ユエナにスマホを渡した。,我把手机递给由依奈。,유에나에게 스마트폰을 넘겼다.,
ユエナはスマホを両手で受け取り、大事そうに持った。,她则是双手接过手机，很宝贝地拿着。,유에나는 스마트폰을 마치 보물처럼 두 손으로 받아들었다.,
「冷たい」,“好冷。”,「차가워.」,
「なにが？　あ、ごめんやっぱりここ濡れてるかも」,“怎么了？啊，这里果然有点湿吧。”,"「뭐가? 아, 미안. 역시 나무가 좀 젖었나 봐.」",
ぼくは立ち上がって倒木を撫でる。そこまで濡れてる感じはしないけど、夏服のスカートの生地だったらもしかたら冷たいのかもしれない。,我站起来摸了摸树干。虽然不是特别湿，但如果夏天穿裙子直接坐上去，或许还是有点冷的。,나는 자리에서 일어나 나무를 문질렀다. 그렇게까지 젖은 느낌은 없지만 하복 치마 옷감으로 느끼기에는 차가울지도 모른다.,
「違う、これ」,“不是，这个。”,"「아니야, 이거.」",
「スマホ？　使ってないと冷たくなるよね」,“手机？不用的话确实会变凉呢。”,「스마트폰? 안 쓰고 있으면 차가워지지.」,
どうやらお尻が濡れた、冷たいとかではなかったらしい。,看来并不是在说屁股湿了所以有点凉啊。,엉덩이가 젖어서 차갑다는 말이 아니었나 보다.,
小さく安堵の息を吐く。,我稍稍舒了一口气。,안도의 한숨을 내쉰다.,
スマホで再生されている動画はネットに転がっている比較的綺麗にとられた遠花火の動画。,我手机里播放的视频，是网上众多拍摄空焰火的视频中，拍得比较漂亮的一个。,"스마트폰으로 재생한 영상은 인터넷에 돌아다니는, 비교적 예쁘게 찍힌 별꽃 영상이었다.",
「それ、結構綺麗に撮れているやつでぼくのお気に入り。他にもあるけどそれが一番画質がよくて、近いかな」,“那个拍得挺漂亮的，所以我也很喜欢。虽然也有其他视频，但这个应该是画质最好，离空焰火也最近的了。”,「이게 꽤 예쁘게 찍힌 거라 나도 맘에 들더라. 다른 것도 있지만 그게 제일 화질이 좋고 거리도 가까워.」,
「そう」,“这样。”,「그래.」,
短い動画だけど、何度も自動で連続再生されているのでユエナはそれを繰り返し見ている。,虽然视频不长，但因为有自动重播的功能，所以由依奈也反复看了很多次。,짧은 영상에 반복 재생이 걸려 있어 유에나는 그것을 계속해서 보고 있다.,
「じゃあ説明するね」,“那么我来说明一下。”,「그럼 설명할게.」,
コホンと咳ばらいを一つ。,我首先清了清嗓子。,헛기침을 한 번.,
ユエナは動画に集中しているのか返事はないけど、ぼくは勝手に話し始める。,虽然由依奈看得太认真而没有反应，但我还是自顾自地说了起来。,"유에나가 영상에 집중한 탓인지 대답하지 않았지만, 나는 멋대로 설명하기 시작했다.",
「遠花火はほんとうにまだまだ謎だらけの不思議な天文現象なんだ」,“说真的，空焰火还是一种充满谜团的天文现象。”,"「별꽃은 아직까지 수수께끼로 가득한, 신비로운 천문 현상이야.」",
「まずこうやって光る理由が何か分かっていない。もちろん何が光っているのかも分かっていない」,“首先，人们都不知道为什么会这么亮，当然也不知道究竟是什么在发光。”,「먼저 이렇게 빛나는 이유가 무엇인지 알려지지 않았어. 뭐가 빛나고 있는 건지도 잘 몰라.」,
遠花火が光ったタイミングで指をさして説明する。,我手指向发光的时间点，这么说道。,별꽃이 빛나는 타이밍에 맞추어 손가락으로 가리키며 설명한다.,
「うん」,“嗯。”,「응.」,
ユエナが頷く。,她点了点头。,유에나가 끄덕인다.,
ユエナは動画を食い入るようにみているものの、時折ぼくに視線を向けたりしている。,虽然由依奈基本都在看视频，但也会时不时看向我。,유에나는 영상을 뚫어지게 쳐다보다가 가끔씩 나에게 시선을 던지곤 한다.,
どうやら話は聞いているらしい。,看来她还是有在听的。,다행히 말은 듣고 있는 것 같다.,
ぼくはそのまま話し続ける。,我则是继续说了下去。,나는 계속해서 이야기했다.,
「流れ星はとっくに解明されている現象で、流れ星が流れる時期や方角、時間なんかも分かっているから、天気さえ良ければ狙って見られるよね」,“空焰火不比流星。流星是很早就被认识到的现象，流星发生的时期、方位、具体时间都知道得清清楚楚，如果天气不错的话，甚至能够找准时间去观测。”,"「별똥별은 이미 해명된 현상이야. 별똥별이 흐르는 시기와 각도, 시간까지도 알 수 있어서 날씨만 좋다면 볼 수 있어.」",
「でも遠花火はそれが分からないから、いつ見えるのか分からない。その動画も、投稿者の方がすごく運が良くて撮れたものなんだ」,“但是空焰火的这些东西就无人知晓，所以也不知道何时能够观测到。就连那个视频，也是投稿人运气好才拍到的。”,「그런데 별꽃은 예측할 수 없어서 언제 나타날지 몰라. 그 영상도 업로더가 운이 엄청나게 좋았던 거지.」,
「くるかも分からない遠花火を待って、ずっと動画をまわしていないといけないし、狙った方角にくるとも限らないしね」,“为了拍空焰火，就必须一直等着，不仅不知道空焰火会不会来，就连拍摄的方向都不能够确定。”,「언제 올지 모르는데 계속 촬영을 돌려야 하고 원하는 방향으로 온다고 확신할 수도 없으니까.」,
「ともき」,“智纪。”,「토모키.」,
ユエナがスマホを見たまま話しかける。,由依奈看着手机向我搭话。,유에나가 스마트폰을 바라본 채로 말한다.,
「なに？」,“什么？”,「왜?」,
「ともきは、撮ったことある？」,“智纪，你拍到过吗？”,"「토모키는, 찍은 적 있어?」",
「ぼくはないよ。見たことはもちろん何度かあるけど」,“我没有啊，虽然看到过几次。”,「나는 없어. 본 적은 몇 번 있지만.」,
「撮らないの？」,“不拍吗？”,「안 찍었어?」,
「狙ったことはあるんだけどね、一度も撮れたことはない」,“虽然专门等过，但一次都没拍过。”,"「찍으려고 기다렸던 적은 있는데, 한 번도 못 찍었지.」",
遠花火を撮ろうとわざわざスマホ用のスタンドを買って、延長コードで充電器をのばしながら、寝ている間ベランダで撮影したことがある。,为了拍空焰火，我曾经特意准备了手机用的支架，用延长线给手机充电，然后睡觉的时候把手机摆在阳台一直摄影。,"별꽃을 찍기 위해 거치대를 사고 연장 코드로 충전기까지 끌어와, 자는 동안 베란다에서 촬영을 돌려놓은 적이 있다.",
朝起きて確認するも遠花火は全く写っていなかった。,早起确认时也是完全没有拍到。,아침에 일어나 확인해 보니 모두 허탕이었다.,
何度かやってみたけれど、朝何時間もの動画を確認するのが面倒くさくなって今ではやっていない。,虽然我试过好几次，但每次都要看几个小时的视频实在是太麻烦了，所以现在就没有搞了。,여러 번 더 시도해 봤지만 아침에 몇 시간짜리 영상을 확인하는 게 귀찮아져서 이제는 하지 않는다.,
もちろんそれ以外にも、たくさん、理由はあるんだけど。,虽然，除此之外，还有其他许许多多的理由。,물론 그것 말고도 여러 가지 이유가 있지만.,
「ともきは知りたい？」,“智纪想知道吗？”,「토모키는 알고 싶어?」,
「遠花火？」,“空焰火？”,「별꽃을?」,
こくりとユエナがうなずく。,她点了点头。,유에나가 고개를 끄덕인다.,
「うん……」,“嗯……”,「……응.」,
深くうなずいた。,我也深深点了头。,나는 깊이 고개를 끄덕였다.,
ぼくは一つの約束を頭の引き出しからだして、それを少し眺めてからまたしまう。,我从脑内抽屉里取出了一个约定，但看了看，就又放回去了。,어떤 한 약속을 머릿속 서랍에서 꺼낸 뒤 그것을 잠시 바라보다가 도로 넣는다.,
「宇宙とか結構すきだし、やっぱり知りたいって思うかな。理系科目は苦手なんだけどね」,“我还是挺喜欢宇宙的，应该还是想知道的吧。虽然我理科学得不怎么好。”,「알고 싶지. 우주에 꽤 관심이 있으니까. 이과 계열은 잘 못하지만.」,
「そう……」,“这样……”,「그래…….」,
ユエナの反応は微妙だった。,她的反应倒是有些微妙。,유에나의 반응은 미묘했다.,
最後の一言は蛇足だったなと少し後悔して、ぼくは気を取り直す。,看来最后那句有些多余了，我有些后悔，但还是继续说道。,괜한 사족을 붙였나. 나는 약간의 후회를 삼키고 기분을 새로이 했다.,
「ユエナはさ、知りたくない？」,“由依奈啊，你不想知道吗？”,"「유에나는, 알고 싶지 않아?」",
「遠花火？」,“空焰火？”,「별꽃을?」,
「うん」,“嗯。”,「응.」,
「ボクは……知りたくない」,“我……不想知道。”,「나는…… 알고 싶지 않아.」,
少し意外な答えだった。,她这回答有些让我意外。,예상 외의 답변이 돌아왔다.,
「そ、そうなんだ。知りたくない人もやっぱりいるんだね」,“这，这样啊，果然还是有人不想知道啊。”,"「그, 그렇구나. 안 궁금한 사람도 당연히 있겠지.」",
ぼくのまわりではあまりいないけど、遠花火の正体を知りたくない人も一定数いる。,虽然我周围没多少，但我知道还是有人不太想知道空焰火到底是什么的。,내 주위에는 없지만 별꽃의 정체를 알고 싶지 않다는 사람도 분명히 있다.,
「ユエナはロマンチストなんだね」,“由依奈好浪漫啊。”,「유에나는 로맨티스트구나.」,
「ロマンチスト？」,“浪漫？”,「로맨티스트?」,
「そう。遠花火の正体が知りたくない人はロマンチストな人が多いっていう勝手なイメージなんだけど」,“嗯，虽然只是我个人印象，但不想知道空焰火真身的人，基本都挺浪漫的。”,「응. 대부분 로맨티스트들이 별꽃의 정체를 궁금해하지 않는 것 같더라고. 그냥 나 혼자 그렇게 생각하는 거야.」,
ユエナは首をかしげている。,由依奈歪了歪脑袋。,유에나는 고개를 갸웃거리고 있다.,
「ほら、流れ星なんかそうじゃない？」,“你想啊，流星不就是那样吗？”,"「봐. 별똥별도 그렇지 않아?」",
「流れ星の正体は彗星の放出したチリが地球の大気との摩擦で燃えているでしょ？　そうやって聞くと実は流れ星ってそんなに綺麗なものじゃないって思う人もいるらしいんだ」,“所谓流星，不就是彗星碎片和地球大气摩擦的结果吗？然后，有人听到这些后，貌似就不会觉得流星是那么漂亮的东西了。”,"「별똥별의 실체는, 혜성이 방출한 먼지가 지구 대기와 마찰해서 불타는 거잖아? 그걸 알고 나면 별똥별이 예쁘게 보이지 않는다는 사람들도 있대.」",
「だからもし遠花火の正体が分かっちゃうとあまりロマンチックではない……あ」,“所以，如果知道空焰火的真相，或许就不是那么浪漫……了吧。”,「그래서 만약 별꽃의 정체가 밝혀지면 로맨틱하지 않다는…… 아.」,
ひとしきり、つい調子に乗って説明してしまい大事なことに気づく。,一上头就做了说明，说完了才意识到一件很重要的事情。,혼자 신나서 한참을 떠들다가 순간 자신의 실수를 깨달았다.,
「ごめんユエナ！」,“抱歉由依奈！”,"「미안해, 유에나!」",
「んぇ？」,“哎？”,「으응?」,
ちょっとびくりとした様子で、きょとんとユエナが再び首を傾げる。,由依奈有些吃惊，又歪了歪脑袋。,"조금 놀란 듯, 어리둥절한 유에나가 다시 고개를 갸웃거린다.",
「得意気に流れ星のこと言っちゃった」,“不小心得意洋洋地说起流星了。”,「생각이 짧았어. 별똥별 얘기까지 해버렸네.」,
ユエナが遠花火のことを知りたくないといったならば、当然流れ星のことだって知りたくないはずなのに。ぼくはつい夢中になって知識をひけらかしてしまった。,既然由依奈不想了解空焰火，那么流星肯定也不想了解，可我却自顾自地秀起了知识水平。,"별꽃에 대해 알기 원하지 않는다면, 당연히 별똥별에 관해서도 알고 싶지 않을 텐데. 나는 그만 무아지경으로 지식을 과시하고 말았다.",
大してない知識をひけらかすのはぼくの悪い癖だ。,明明水平不高却还是喜欢秀，真是个不好的习惯。,대단찮은 지식을 과시하는 것이 나의 나쁜 버릇이다.,
話しているのが女の子だとつい調子に乗ってしまう。,一旦面对女孩子，就特别容易犯这个毛病。,대화 상대가 여자라서 그만 들떠버렸다.,
そういえば、こういうことが前にも……。,说起来，以前也有过这样的事……,"그러고 보니, 전에도 이런 말을 했던 것 같은 기분이…….",
「……ふふっ」,“……嘻嘻。”,「……후후.」,
ユエナが笑う。,由依奈笑了出来。,유에나가 웃는다.,
「ともき、昨日も言ってた」,“智纪，昨天也说过的吧。”,"「토모키, 어제도 말했어.」",
昨日？,昨天？,어제?,
ぼくは昨夜を思い出す。,我回想起昨晚。,나는 어젯밤을 돌이켜보았다.,
……確かに、昨日も得意気に話していた気がする。,……确实，昨天好像也得意洋洋地说了一通。,……어제도 신나게 떠들었던 느낌이 든다.,
「重ね重ねごめん」,“每次都这样，真对不起。”,「더 미안해졌네.」,
「んふふ、だいじょうぶ」,“哈哈，没事的。”,"「우후후, 괜찮아.」",
ユエナはなぜだか嬉しそうにニコッと笑った。,不知怎么的，她有些开心的笑了一下。,유에나는 어째선지 기분 좋게 빙긋 웃었다.,
「笑った……」,“笑了……”,「웃었다…….」,
つい思ったことを口に出す。,下意识就说出口了。,무심코 생각이 입 밖으로 튀어나온다.,
「ん？」,“嗯？”,「응?」,
「ユエナが笑ってくれたなって思って、その……嬉しいというか安心したというか。ぼくの話しは面白くないのかと思って心配で」,“我是说你终于笑出来了，因为……我担心我的话很无聊，看你笑出来了，我就有些开心，或者说放心下来了。”,"「유에나가 웃어주니까, 그…… 기분이 좋다고 해야 되나, 안심이 된다고 해야 되나. 내 얘기가 재미없는 건가 걱정했거든.」",
「ともきは、面白いよ」,“智纪，很有意思哦。”,"「토모키는, 재미있어.」",
「そ、そう！？」,“是，是吗？！”,"「그, 그래!?」",
褒められて安易にテンションがあがる。,我一被夸就容易兴奋。,칭찬을 받으니 금세 기분이 고양된다.,
「もっと、知りたい。それと……」,“我还想，知道更多。然后……”,"「더, 알고 싶어. 그리고…….」",
「それと？」,“然后？”,「그리고?」,
「いつか、遠花火が分かったら、ともきから私に教えて」,“以后，等智纪明白空焰火是什么了，到时候就来告诉我吧。”,"「언젠가, 별꽃에 대해 알게 되면, 토모키가 나한테 가르쳐 줘.」",
「え、そ、それはもちろん！　いいの？」,“啊，那，那肯定的！不过可以吗？”,"「아, 그, 그거야 어렵지 않지! 그래도 돼?」",
「うん命令。……命令？　ううん、約束」,“嗯，命令……命令？不对，是约定。”,"「응. 명령. ……명령? 아니, 약속.」",
ユエナがまっすぐぼくを見つめる。,由依奈直直地看着我。,유에나가 나를 똑바로 바라본다.,
その瞳は、輝いてるようにみえた。,她的眼神似乎是闪闪发光的。,"그 눈동자가, 마치 빛나는 듯 영롱하다.",
「うん、わかった！」,“嗯，知道了！”,"「응, 알겠어!」",
ぼくはそう頷いて、遠花火について教えようとした瞬間、,我点下头，正要告诉她空焰火的知识——,나는 흔쾌히 받아들이고 별꽃에 대해 가르쳐 주려고 했다. 그때였다.,
ピリリリリリリリリリ,叮铃铃铃铃铃玲玲,삐리리리리리리리리,
ユエナが両手で持つスマホから着信音が鳴り響いた。,由依奈两手拿着的手机突然响起了铃声。,유에나가 오른손에 들고 있던 스마트폰에서 착신음이 울렸다.,
「わわっ！」,“哇哇！”,「와아!」,
突然鳴り響いたものだからユエナが派手に驚く。,因为铃声响得太突然，所以她挺惊讶的。,갑자기 울린 탓에 유에나가 소스라치게 놀란다.,
静かな夜に人のいない場所だ。着信音はよく鳴り響くが、そこまで驚くことかなと、ユエナの慌てっぷりを微笑ましくみながらぼくは一度スマホを預かる。,毕竟这里夜深人静啊。不过我也挺好奇的，铃声经常响，但她反应居然这么大。所以我面带微笑着看着她慌慌张张的样子，把手机接了过来。,조용한 밤에 인적 없는 장소이다. 착신음이 잘 울리기는 하지만 그 정도로 놀랄 일일까. 나는 유에나의 당황한 모습을 흐뭇하게 바라보며 스마트폰을 돌려받았다.,
着信は母親からだった。,电话是妈妈打来的。,엄마한테서 온 연락이다.,
「ちょっとごめんね」,“稍微离开一下。”,「잠깐 미안해.」,
そう断って立ち上がる。,我打断刚才说的话，站了起来。,양해를 구하고 일어선다.,
大して変わらないだろうけどユエナから少し離れて電話にでた。,虽然心里觉得没啥区别，但姑且还是和由依奈拉开了一些距离，再接起电话。,엄마와 전화한다고 해서 딱히 숨길 건 없지만 조금 떨어져서 전화를 받는다.,
「どこいってるの？　夕飯は？」,“你人在哪里呢？晚饭怎么办？”,「어디 갔어? 저녁은?」,
「ちょっと遠花火見に行ってるだけ。航生と」,“稍微出门来看空焰火了，和航生在一起。”,「그냥 별꽃 보러 나왔어. △△랑.」,
「ごはんはラップでもかけといて」,“饭就用保鲜膜包一下吧。”,「밥은 그냥 랩으로 덮어 줘.」,
さすがにユエナと一緒とは言えないので友人の名前を出す。,因为实在是不敢说和由依奈在一起，所以就说出了朋友的名字。,유에나와 함께 있다고 할 수 없으니 친구의 이름을 꺼낸다.,
「はぁ……はやく帰ってきなさいよ。補導されるよ」,“唉……早点回来，不然要被训了。”,「하아……. 얼른 들어와. 경찰한테 잡히지 말고.」,
「まだそんな時間じゃないって」,“时间还早着呢。”,「아직 늦은 시간도 아닌데 뭘.」,
まだせいぜい7時だ。,现在才七点。,이제 고작 7시다.,
「なるべくはやくね」,“能早点回就早点回啊。”,「최대한 빨리 와.」,
「うん、わかってるって」,“嗯，我知道的啦。”,"「응, 알겠다니까.」",
電話を切ってユエナのもとへ戻る。,我挂掉电话，回到由依奈身边。,전화를 끊고 유에나에게 돌아간다.,
ユエナはぼくが電話しているのをじっと眺めていたようだった。,刚才她似乎一直在看我打电话。,유에나는 내가 전화하는 것을 빤히 지켜보고 있었던 듯하다.,
「ごめん、親からの電話だった」,“抱歉，家长打过来的电话。”,「미안. 부모님한테 온 전화야.」,
「親、うん」,“家长，嗯。”,"「부모님, 응.」",
「ユエナ、着信音に驚いていたね」,“由依奈，你被铃声吓到了啊。”,「유에나. 소리 때문에 놀랐구나.」,
「いきなり音がなった。驚いた」,“因为声音突然就响起来了，所以吓到了。”,「갑자기 소리가 났어. 놀랐어.」,
「あはは、結構びっくりしてたね。ユエナはそういうの驚かないかと思ってた」,“啊哈哈，看你被吓得不轻呢，我还以为你不会被那种东西吓到。”,「아하하. 엄청 놀라던데. 유에나는 이런 걸로 안 놀랄 줄 알았네.」,
「そうなの？」,“是吗？”,「그랬어?」,
「うん、女の子でもカエルとか平気で触れそうなタイプの子かなって」,“嗯，我还以为你是那种青蛙都能随便摸的女孩子呢。”,「응. 개구리 같은 것도 태연하게 만질 수 있는 거 아닐까? 했지.」,
「わたしゲコゲコなくやつ、触れる」,“我，能够摸呱呱叫的东西。”,"「나 개굴개굴 하는 녀석, 만질 수 있어.」",
一瞬ドヤッとしたような気がした。,感觉她突然有些得意。,순간 유에나가 으스대는 듯한 느낌이 들었다.,
「ゲコゲコを？」,“呱呱叫的？”,「개굴개굴을?」,
「ゲコゲコを」,“呱呱叫的。”,「개굴개굴을.」,
……,……,…….,
……。,……,…….,
「ゲコゲコ」,“呱呱。”,「개굴개굴.」,
「ゲコゲコ」,“呱呱。”,「개굴개굴.」,
「ゲコッゲコッ」,“呱！呱！”,「개굴개굴!」,
「ゲコッゲコッ」,“呱！呱！”,「개굴개굴!」,
「あ……」,“啊……”,「아…….」,
すぐ近くから真似すんなとでもいいたげに、一匹のカエルが鳴いた。,一只青蛙呱呱地叫了起来，似乎是在叫我们不要在它面前模仿它。,바로 옆에서 개구리 한 마리가 울었다. 따라하지 말라고 성내는 것처럼.,
「あははは！」,“啊哈哈哈！”,「아하하하!」,
「んふふっ」,“哈哈。”,「우후후.」,
絶妙なタイミングで鳴いたカエルにぼくらは笑う。,这青蛙叫得太是时候，我们不禁笑了出来。,절묘한 개구리 소리에 우리는 즐겁게 웃었다.,
ひとしきり笑ってもう一度鳴かないか待ってみたけどそう都合よくはカエルは鳴いてくれなかった。,虽然我们笑了一阵，不禁想等到青蛙再叫一次，但青蛙并没有那么顺人心意。,"한바탕 웃은 뒤 또 울지 않을까 잠시 기다려 보았지만, 개구리는 역시 울어 주지 않았다.",
「鳴かない」,“不叫了。”,「울지 않아.」,
「そうだね。さっきはたまたまだったみたいだ」,“确实啊，刚才应该只是凑巧。”,「그러게. 아까는 우연이었나 봐.」,
名残惜しそうにユエナは泉を見つめている。,由依奈有些不舍地看着泉水。,유에나는 아쉬운 듯 샘을 바라보고 있다.,
「ユエナ」,“由依奈。”,「유에나.」,
「？」,“嗯？”,「？」,
「遠花火の続きを話すね」,“我接着说空焰火了。”,「아까 하던 별꽃 얘기 마저 할게.」,
「うん、聞かせて」,“嗯，讲给我听。”,"「응, 들려줘.」",
ユエナがぐっと身を寄せてくる。,她一下子就凑到我身边了。,유에나가 부쩍 가까이 다가온다.,
……近い。,……好近。,……가까워.,
「さっきの」,“刚才那个。”,「아까 그거.」,
「さっき？　ああ、遠花火の動画ね」,“刚才？啊，空焰火的视频啊。”,"「아까 그거? 아아, 별꽃 동영상 말이지?」",
ぼくはスマホを取り出して遠花火の動画を開く。なんてことのない操作だが、ユエナはどうやらスマホに興味津々なようだ。ユエナはスマホを持ってないのかもしれない。,我取出手机，打开视频。虽然这动作稀松平常，但由依奈似乎对手机很感兴趣，或许她没有手机吧。,나는 스마트폰을 꺼내 별꽃 영상을 열었다. 별 대단찮은 조작인데도 유에나는 스마트폰을 흥미진진하게 바라본다. 어쩌면 스마트폰이 없는 것인지도 모른다.,
最近では小学生でもスマホを持ってたりするけど、中学生でももってない人は持ってないから、やっぱり羨ましくみえるのかななんて思う。,虽说最近有手机的小学生也不少了，但没有手机的初中生还是有的，或许在他们眼中，有手机也是挺让人羡慕的吧。,"최근에는 초등학생도 스마트폰을 갖고 다니지만 중학생이어도 없는 사람은 없으니까, 아무래도 부러워서 그러는 것이 아닐까.",
ぼくは動画を用意しながら、そういえば今日はユエナについてもう少し聞こうと思っていたことを思い出した。,我打开视频，也想起今天要趁机多问问由依奈的事情。,나는 동영상을 틀었다. 그러고 보니 오늘은 유에나에 대해서 조금 더 물어보려고 했었지.,
「はいどうぞ」,“好了，请。”,"「자, 여기.」",
スマホをユエナに渡す。ユエナはまたそれを食い入るように見る。真剣なのか、さっきまで笑っていた顔はスッと消えた。,我把手机递给由依奈，她眼睛又完全盯着屏幕。刚才那副笑容都消失了，估计是看得很认真吧。,스마트폰을 유아나에게 건넨다. 유에나는 그것을 또 뚫어지게 쳐다본다. 조금 전까지 웃던 표정이 완전히 사라졌다.,
それがどこかぼくは不気味に思え、慌てて話を振る。,但我突然觉得这样有点不对劲，所以慌忙说了起来。,"어째서인지 그 모습이 불안하게 느껴져, 나는 황급히 말을 붙였다.",
「あのさ、ユエナってどこらへんに……」,“那个啊，由依奈，你是从哪里……”,「있잖아. 유에나는 어디서…….」,
「ともき」,“智纪。”,「토모키.」,
「はい」,“嗯。”,「네.」,
即座に話を中断して返事をする。,我马上停下嘴应答。,즉시 말을 멈추고 대답한다.,
まるで機械のように従順でぼくってこんなやつだっけと不思議になった。,我居然会像机器一样顺从，自己都有些惊讶。,마치 기계처럼 고분고분한 태도다. 내가 이런 사람이었나 하고 신기해진다.,
「遠花火の話」,“空焰火。”,「별꽃 이야기.」,
「あ、うんそうだったね。ごめんごめん」,“啊，对对，抱歉抱歉。”,"「아, 응. 그랬지. 미안, 미안.」",
そうだまずは遠花火の話をしよう。そのためにぼくは今日ここへ来たのだから。,对啊，得先把空焰火讲完啊，今天就是为了这个才过来的。,그래. 먼저 별꽃 얘기부터 하자. 그러려고 오늘 이곳에 온 거니까.,
「どこまで話したっけ……そうそう、遠花火は実は割と最近になって見られた新しい現象だというのも理由で、原因は明らかになっていないんだ」,“刚才说到哪里了……对对，因为空焰火是最近才发现的天文现象，所以还没有人知道原因。,「어디까지 얘기했더라……. 맞아. 별꽃은 사실 비교적 최근에야 관측할 수 있게 된 새로운 현상이야. 그래서 원인이 밝혀지지 않았어.」,
「まだまだ遠花火の研究や観察にはデータがすごく少ない」,“对于空焰火相关的研究和数据还是很少的。”,「아직 별꽃에 관한 연구나 관찰 기록이 부족해.」,
「それとは別に、遠花火も流れ星と同じように願い事をすると叶うって言われてる。流れ星よりも見ることはできないから効果は絶大だって期待されてるよ」,“另一方面，也有人说对着空焰火许愿跟向流星许愿同样，能够实现愿望。再加上比流星少见得多，所以都觉得对空焰火许愿效果更明显呢。”,"「그거랑은 별개로, 별꽃도 별똥별처럼 소원을 빌면 이뤄진다고들 말해. 별똥별보다 보기 힘드니까 효과가 더 클 거라고 하면서 말이야.」",
もちろんそれが本当なのかは知らないけど。,当然，我也不知道是不是真的。,물론 사실인지는 모르겠지만.,
「願いが叶う？」,“实现愿望？”,「소원이 이뤄져?」,
「うん、そう言われてるね」,“嗯，大家都这么说。”,"「응, 그렇다고 해.」",
迷信の一つだけどね、なんてユエナの前では言えない。流れ星は言ってしまったにしてもユエナは遠花火の原因を知りたくないロマンチストな人なのだ。,虽然这只是迷信，但我无法在她面前这么说。虽然嘴滑把流星说出来了，但由依奈可是个不想知道空焰火原理的浪漫的人啊。,"미신일 뿐이라고, 유에나에게는 말할 수 없다. 별똥별은 실수로 폭로하고 말았지만 유에나는 별꽃의 진상을 알고 싶지 않은 로맨티스트이다.",
「……」,“……”,「…….」,
ユエナは興味ないのか、特に返事もない。,不知道她是不是没兴趣，并没有回话。,유에나는 흥미가 없는지 별다른 반응을 보이지 않았다.,
つまらなかったのかなと少し不安になる。案外こういうことではないのかもしれない。,我有些担心是不是有点无聊了。或许还真是这么回事。,지루해진 것인지 걱정됐다. 의외로 이런 쪽에 관심이 없을지도 모른다.,
涼しい風が吹いた。,凉风吹过。,시원한 바람이 분다.,
ユエナの匂いが鼻をくすぐる。,由依奈的闻到搔动着我的鼻腔。,유에나의 향기가 코를 스친다.,
「ともき」,“智纪。”,「토모키.」,
「なに？」,“什么？”,「왜?」,
「ともきは、願い事……ある？」,“智纪，你有……愿望吗？”,"「토모키는, 소원…… 있어?」",
願い事。その言葉は深く心に刺さる。,愿望，这个词深深地刺进了我的内心。,소원. 그 단어가 마음속에 깊숙하게 박힌다.,
変わるはずもなく叶うはずもなく。これを願い事というのかは少し怪しいけれど。,无法改变，也无法实现，我不禁有些怀疑这到底能不能称得上愿望。,바꿀 수도 없고 이룰 수도 없는 것. 이것을 소원이라고 해도 될지 의문스럽다.,
願い事とはそうなる可能性がほんの少しあって願いになる。ぼくの100％叶わないこれを願い事と呼べるかは分からない。,所谓愿望，就是要有实现的可能，才会去许愿。我不知道该不该把这个百分百无法实现的事情称作是“愿望”。,소원이란 실현될 가능성이 조금이라도 있기에 소원인 것이다. 절대로 이루어질 수 없는 이것을 과연 소원이라고 불러도 될까.,
「ともき？」,“智纪？”,「토모키?」,
それでも願いごとはたった一つ。,就算如此，我的愿望也只有那么一个——,그럼에도 내 소원은 하나뿐.,
ただ、あの時ぼくの隣にいてくれた子と、もう一度会いたい。,我只想，再见一次，那时愿意陪在我身边的那个人——,"그저, 그때 내 곁에 있어 주었던 아이와, 다시 한 번 만나고 싶다.",
それだけなんだ。,仅此而已。,그것뿐이야.,
「ともき？」,“智纪？”,「토모키?」,
「え、あ、ごめん！　何か言った？」,“哎，啊，抱歉！你说什么了吗？”,"「어, 아, 미안! 무슨 말 했어?」",
ユエナの声にハッとする。,由依奈的声音让我回过神来。,유에나의 목소리에 정신을 찾는다.,
ユエナの顔がすぐ目の前にあった。,她的脸近在眼前。,유에나의 얼굴이 코앞까지 다가왔다.,
「へんなの」,“好奇怪。”,「이상해.」,
「へんなのって……なにが？」,“好奇怪……哪里啊？”,「이상하다니…… 뭐가?」,
ユエナはそれには何も答えず静かに首を横に振って、なぜかぼくのほうに倒れ込んでくる。,但是她只是摇摇头，没有说话，然后倒向了我这边。,"유에나는 대답하지 않고 조용히 고개를 가로저은 뒤, 어째선지 내 쪽으로 몸을 쓰러뜨렸다.",
「ユエナ！？」,“由依奈？！”,「유에나!?」,
ユエナはぼくの肩に頭をのせて何も言わない。,由依奈只是把脑袋靠在我的肩上，什么都不说。,유에나는 내 어깨에 머리를 얹은 채 잠자코 있다.,
ただ、静かな時間が流れそれに比例してぼくの体温もあがっていく。,只是，随着时间静静流逝，我的体温也越来越高了。,고요한 시간의 흐름에 따라 내 체온도 함께 높아진다.,
虫の声が消える。自分の鼓動が耳の先にのしかかる。,虫鸣声消失了，只有碰碰的心跳声清楚可闻。,벌레 우는 소리가 지워진다. 심장 고동 소리가 귓속을 덮는다.,
「え……とユエナさん？」,“啊……由依奈小姐？”,"「어…… 저기, 유에나 양?」",
首筋に触れる髪がくすぐったい。繊細で、柔らかな髪が何度も肌を撫でる。,她纤细而又柔顺的头发不停地拂过我的脖子，弄得我痒痒的。,목덜미에 닿은 머리카락이 간지럽다. 섬세하고 부드러운 머릿결이 계속해서 피부를 건드린다.,
「ユエナサンじゃない、ユエナ」,“不是由依奈小姐，是由依奈。”,「유에나양이 아니야. 유에나.」,
「はい、ごめんなさい」,“啊，对不起。”,"「네, 죄송합니다.」",
潔く謝っておいた。,我老老实实道歉了。,깔끔하게 사과했다.,
「ともき」,“智纪。”,「토모키.」,
「なに？」,“什么？”,「왜?」,
ユエナの声が近い。,她的声音好近啊。,유에나의 목소리가 가깝다.,
一拍二拍とおいて、ユエナがゆっくり口を開く。,过了那么一两拍，她又慢慢说了起来。,유에나가 잠시 뜸을 들였다가 천천히 입을 연다.,
「ともきは、星の匂いがする」,“智纪，有星星的味道。”,"「토모키는, 별의 냄새가 나.」",
「星の、匂い？」,“星星的，味道？,「별의 냄새?」,
「うん、あたたかくて、綺麗」,“嗯，又温暖，又漂亮。”,"「응. 따뜻하고, 예뻐.」",
「そ、そうなんだ」,“这，这样啊。”,"「그, 그렇구나.」",
不思議な表現だなと思う。,这形容挺奇特的。,신기한 표현이다.,
星の匂いか。,星星的味道啊。,별의 냄새라.,
「ボク……知らなかった」,“我……并不知道。”,「나…… 몰랐어.」,
「何を？」,“什么？”,「뭐를?」,
「……」,“……”,「…….」,
ユエナはそれ以上は何も言わない。,她却没有再说下去了。,유에나는 더 이상 아무 말도 하지 않았다.,
口を開くこともなくぼくの肩に頭をのせて目を閉じている。,只是闭上嘴，靠在我肩上，合上了眼睛。,그저 내 어깨에 머리를 얹은 채 눈을 감고 있다.,
正直、ドキドキがとまらない。,说真的，我心里跳个不停。,"솔직히 말해서, 두근거림이 멈추지 않는다.",
脈打つ激しい鼓動は絶対に聞こえていると思う。,我觉得她肯定能听到我猛烈的心跳声。,격렬한 고동 소리는 분명 유에나에게도 들릴 것이다.,
「ユエナさーん」,“由依奈小姐～”,「유에나 양?」,
「ユエナサンじゃない、ユエナ」,“不是由依奈小姐，是由依奈。”,「유에나양이 아니야. 유에나.」,
「はい」,“是。”,「네.」,
「……ってじゃなくて、恥ずかしいからそろそろ」,“……不是这个啊，怪不好意思的，差不多也……”,"「……그게 아니라, 민망하니까 이제 슬슬.」",
「そろそろ？」,“差不多？”,「슬슬?」,
「うっ、なんでもないです」,“呜，没什么。”,"「윽, 아무것도 아닙니다.」",
ユエナの声にはどうも従ってしまう。,我无论如何都会顺从由依奈所说的话。,유에나의 목소리에는 거부할 수 없는 힘이 있다.,
別にぼくもこれが嫌ではないし、もう少しだけいいかなと思いながら空を眺める。,虽然我自己也不讨厌这样，觉得还能再这么待一会儿，所以就抬头望向了天空的。,나라고 이 상황이 싫은 건 아니니까 조금만 더 있어도 괜찮겠지. 나는 하늘을 올려다보았다.,
静かで暗い世界にぼくら二人。,静谧的黑夜，只有我们两个人。,고요하고 어두운 세상에 우리 두 사람.,
こんな空に遠花火が見られたら、きっと願いは叶うはず。,如果现在能够看到空焰火，那么愿望一定能够实现的。,"이런 하늘에 별꽃이 나타난다면, 소원은 반드시 이루어질 것이다.",
けれどそんなロマンチックなことが起こる前に。,可就在这浪漫的一幕到来之前——,하지만 그런 로맨틱한 일이 일어나기 전에.,
現実がやってきた。,现实却打醒了我。,현실이 찾아온다.,
「あ……」,“啊……”,「아…….」,
「？」,“嗯？”,「？」,
ユエナがパチッと目を開け音の鳴った場所を覗き込む。,由依奈啪地睁开了眼睛，看向了声音想起的地方。,유에나가 눈을 반짝 뜨더니 소리가 난 곳을 응시했다.,
「お、お腹減った」,“肚、肚子饿了。”,"「배, 배고프네.」",
「ここから鳴った」,“从这里响起来的。”,「여기서 났어.」,
「うわあ、触らないで！　くすぐったいから！」,“呜哇，别摸啊！好痒！”,"「우와아, 만지지 마! 간지럽단 말이야!」",
ユエナがぼくの腹を指でツンツンとさす。,由依奈用手指戳着我的肚子。,유에나가 내 배를 손가락으로 쿡쿡 찌른다.,
「ぼく、くすぐりとか、すごい苦手だから……」,“我真的……好怕痒的……”,「나 간지럼 엄청 심하게 탄단 말이야…….」,
昔からどこをくすぐられても笑ってしまう体質でよくくすぐられたりしたっけ。,以前我好像就因为怕痒而天天被人挠，每次都会被人挠到笑出声来着。,어딜 건드려도 간지럼을 느끼기 때문에 옛날부터 자주 당했다.,
だけどなぜか足の裏だけはあまりくすぐったくなくて耐えられる。変な特技だ。,但是只有脚底板不怕痒，这特技还真奇怪。,하지만 왜인지 발바닥만은 둔감해서 잘 버틴다. 특이한 재주다.,
「んふふっ」,“嘿嘿。”,「우후후.」,
……悪い顔だ。,……这表情挺坏的。,……사악한 표정이다.,
「ユエナはお腹減らない？」,“由依奈，你不饿吗？”,「유에나는 배 안 고파?」,
「減らない」,“不饿。”,「안 고파.」,
即答だった。,秒答啊。,주저하지 않고 답한다.,
「そ、そうだよね」,“确、确实啊。”,"「그, 그렇지.」",
何がそうだよね、なんだろうか。,什么确实啊，奇奇怪怪的。,"뭐가 그렇다는 거야, 나는.",
「ぼくはお腹減ってきたから、そろそろ帰ろうかなって思うけど」,“我肚子饿了，所以也差不多该回家了。”,「난 배고파서 슬슬 집에 갈까 하는데.」,
「何か食べる？」,“要吃什么吗？”,「뭐 먹으려고?」,
「あ、うん。家帰ったら夕飯あるし、何かは食べるかな」,“啊，嗯，回到家里还有晚饭，应该会吃点什么吧。”,"「아, 응. 집 가면 저녁밥도 있고, 뭐든 먹긴 하겠지.」",
だから今日はここで解散――しようとした。,所以——今天就到此为止了。,그러니 오늘은 여기서 해산――하려고 했는데.,
「わたしも、お腹が減った」,“我肚子，也饿了。”,"「나도, 배고파.」",
ユエナが自分の腹を見つめる。どうやら腹の虫が鳴くのを待っているらしい。,由依奈看着自己的肚子。似乎她也在等着肚子响起来。,유에나가 자기 배를 내려다본다. 배꼽시계가 울리길 기다리는 것처럼 말이다.,
けれどしばらく経っても腹の虫はなかない。,但过了一会儿，就是不响。,하지만 아무리 기다려도 울리지 않는다.,
「……んんっ」,“……嗯！”,「……으응.」,
なかなか鳴かないのを待てないのか苛立ちなのかユエナが制服を脱ごうとする。,她等肚子叫等得不耐烦了，居然准备把校服脱了。,마음처럼 되지 않자 초조했는지 유에나가 교복을 벗으려 한다.,
「ちょっと、ちょっと！？　ここで脱がないで！　脱いでもお腹が減ってなかったら鳴かないから。分かるよね！？」,“等等，等等？！别在这里脱啊！脱了肚子也不会饿，自然也不会叫，懂吧？！”,"「잠깐, 잠깐만!? 여기서 벗으면 안 돼! 벗어도 배가 안 고프면 소리는 안 나니까. 알잖아!?」",
「……ざんねん」,“……好可惜。”,「……아쉬워.」,
本当に残念そうにゆっくり制服をおろした。,她真的满脸遗憾地把正要掀起的校服放下来了。,진심으로 아쉬운 듯 천천히 교복을 놓는다.,
「露出狂、とかじゃないよね。さすがにそれは失礼か。にしても……」,“你应该，不是暴露狂吧？我这话也太过了。可话说回来……”,"「노출증, 같은 건 아니겠지. 좀 무례한 생각인가. 그건 그렇고…….」",
一応止めたものの、ユエナのお腹は結構そこはかとなくそれなりにばっちり見えてしまった。,虽然她是停下来了，可我也不得不“好好地”看了她的肚子。,"일단 제지하긴 했지만, 순간 보인 유에나의 복부는 나름대로 탄탄해 보였다.",
「ぼくは悪くない」,“可不是我不好啊。”,「나는 잘못 없어.」,
自分とユエナに対して主張する。,我对着由依奈，如此说道。,나 자신과 유에나에게 주장했다.,
「？」,“嗯？”,「？」,
ユエナは首を傾げながら、ぼくと自分の腹を何度も見る。,可她只是歪着脑袋，反复看着我们俩的肚子。,"유에나는 고개를 갸웃거리면서, 나와 자신의 배를 번갈아 보았다.",
やがて三往復ほどしたところで、,大概到了第三回。,이윽고 세 번 정도 왕복한 뒤에,
「ぐぅ〜」,“咕～”,「꼬르륵~」,
ユエナは自分で鳴いてみせた。,最后她自己叫了出来。,결국 유에나가 자기 입으로 소리를 냈다.,
「ユエナ決めた？」,“由依奈，你定好了吗？”,"「유에나, 정했어?」",
「まだまだ」,“还没有呢。”,「아직.」,
ユエナはふるふると首を横に振った。,由依奈只是摇着脑袋。,유에나가 설레설레 고개를 흔든다.,
「そう、決めたら持ってきてね」,“这样，定好了就拿过来吧。”,「그래. 정했으면 가지고 와.」,
そういってぼくはカレーを棚から取る。,我这么说着，从货架上把咖喱取了下来。,나는 선반에서 카레를 집으며 말했다.,
ぼくらは今コンビニにいた。,我们现在在便利店里。,우리는 지금 편의점에 왔다.,
あの泉から、最初に来た道とは反対側に抜けると歩いて五分もかからないところにコンビニがある。,从泉水出发，穿过来时走的那条路，走不到五分钟就有一家便利店。,샘으로 가는 길 반대편으로 빠지면 걸어서 5분 거리에 편의점이 있다.,
あれからユエナも何かが食べたいと言って、こうやってコンビニにやってきた。,那之后，由依奈也说想要吃东西，所以就走到便利店来了。,유에나도 뭔가 먹고 싶다고 하기에 이렇게 편의점을 찾은 것이다.,
ユエナはこんな時間のコンビニは初めてなのか、やけにキョロキョロしている。,不知道由依奈是不是头一回这个时候来便利店，感觉她挺不淡定的。,유에나는 이런 시간에 편의점은 처음 와 봤는지 몹시 두리번거리고 있다.,
ぼくはポケットから財布をとりだして、こっそり所持金を確認すると千円札は三枚ほど入っていた。,我从兜里掏出钱包，暗自确认了一下里面的现金，一共有三张一千。,나는 주머니에서 지갑을 꺼내어 슬쩍 소지금을 확인해 보았다. 천 엔 지폐가 세 장 정도 들어 있다.,
「よかった、ここでお金がなかったらかっこ悪いことこの上ないよ」,“太好了，如果这时候没钱，简直就是罪无可恕啊。”,「다행이다. 여기서 돈이 없었으면 진짜 모양 빠질 뻔했지.」,
安心して息を吐く。,我安心地舒了一口气。,안도의 한숨을 내쉰다.,
ここは奢るつもりだからお金が足りなかったらどうしようかと思った。,因为我是打算请她吃的，如果没钱还真的不知道咋办了。,내가 살 생각이었기에 돈이 부족하면 어떡할까 걱정하던 참이었다.,
「どう、決まった？」,“怎么样，定好了吗？”,"「어때, 이제 정했어?」",
ほんの数分、漫画コーナーで時間をつぶす。,我在漫画区打发了几分钟时间。,몇 분 간 만화 코너에서 시간을 때운다.,
店内に他の客がいないのをいいことに、わざわざ成人雑誌のある方から大回りしてから、ユエナのもとへ行く。,虽说店里没有其他人，但我还是刻意围着成人杂志区绕了一大圈，才走到了由依奈身边。,가게 안에는 다른 손님이 없다. 이를 기회 삼아 일부러 성인 잡지가 있는 쪽으로 크게 돌아 유에나에게 돌아간다.,
「わたし、これ」,“我，就这个。”,"「나, 이거.」",
ずいっと突き出してきたのは洗剤だった。,她手指向的，是洗洁精。,유에나가 불쑥 내민 것은 세제였다.,
「……ユエナ？」,“……由依奈？”,「……유에나?」,
やっぱりユエナは乾燥機と洗濯機とかそういう妖怪とか妖精なのかもしれない。,没准她还真是烘干机或者洗衣机化身的妖精或是妖怪吧？,"역시 유에나는 건조기와 세탁기, 그런 쪽에 관련된 요괴나 요정일지도 모르겠다.",
「いやいや、そんなわけない！」,“不不不，这不可能！”,"「에이, 그럴 리가 있나!」",
ぼくは頭を振る。,我摇了摇头。,나는 머리를 흔들었다.,
「面白いけど、ちゃんと食べられるもののほうがいいよ」,“虽然很有趣，但还是点些能吃的东西吧。”,「재밌는 농담이었어. 그래도 먹을 수 있는 걸로 골라야지.」,
「面白い？」,“有趣？”,「재밌어?」,
なんか純粋に尋ねてくるユエナの瞳がまぶしい。,可她询问我的眼神却是闪闪发亮。,순수하게 질문하는 유에나의 눈동자가 눈부시다.,
「ごめん、全然面白くなかった」,“抱歉，一点都不有趣。”,「미안. 하나도 재미없었어.」,
「ともきは、詐欺。この顔みたら110番」,“智纪，是骗子。看到这种人就要打110。”,"「토모키는, 사기꾼. 이런 사람을 보면 112번.」",
「い、いいすぎだよ！」,“这，这太夸张啦！”,"「사, 사기꾼은 너무 갔잖아!」",
「んふふっ」,“嗯哈哈。”,「우후후.」,
ユエナが洗剤を元に戻す。,由依奈把洗洁精放了回去。,유에나가 세제를 다시 돌려놓는다.,
「弁当とかサンドイッチとかにしたら？　カップラーメンはここでお湯入れていかなきゃいけないから、運ぶのもめんどうくさいし、絶対三分以上はかかっちゃうからおすすめしないけど」,“要不就便当或者三明治吧？泡面的话，要在这里接热水不说，带着也很麻烦，还得等三分钟，所以不是很推荐啊。”,"「도시락이나 샌드위치는 어때? 컵라면은 여기서 물 부어야 하니까 들고 나르기도 귀찮고, 돌아가려면 3분 이상 걸리니까 추천은 안 해.」",
「……」,“……”,「…….」,
ユエナはぼくの横をスタスタ通り抜けていって、,由依奈走过了我身边——,유에나는 총총 내 옆을 지나가,
「これ」,“这个。”,「이거.」,
カップラーメンを一つ手に取った。,然后就拿上了一杯泡面。,컵라면을 하나 집었다.,
「嫌がらせ？」,“找茬吗？”,「일부러 그러는 거지?」,
「んふふっ」,“嗯哼哼。”,「우후후.」,
「まあ、いいや。でもユエナ、大丈夫？」,“算了，没事。不过，你没问题吗？”,"「뭐, 그래. 근데 유에나, 괜찮겠어?」",
「だいじょうぶ？」,“没问题？”,「괜찮아?」,
ユエナが手に取ったのはパッケージが真っ赤でいかにも激辛なカップラーメンだったからだ。,因为她手里拿着的，是一个包装红到黑，一看就是那种辣到不行的泡面。,유에나가 집은 새빨간 컵라면은 아주 매운 제품이었다.,
「それ、辛いよ」,“那个，很辣的。”,"「그거, 매운 건데.」",
「うん」,“嗯。”,「응.」,
「辛いの得意なんだ」,“你很会吃辣吗？”,「매운 거 잘 먹는구나.」,
「わかんない」,“不知道。”,「몰라.」,
「チャレンジャーかあ」,“原来是个挑战者啊。”,「도전자였나.」,
パッケージをみてるだけで口内に唾液が溜まってくる。,光是看这外包装，口水就流个不停了。,디자인을 보고만 있어도 입 안에 침이 고인다.,
「ま、いいや。じゃそれ貸して買ってくる」,“唉，行吧。那我就帮你把这个买了。”,「일단 알았어. 나한테 주면 계산해 올게.」,
「ともきは？」,“智纪呢？”,「토모키는?」,
「ぼく？　カレーだけど」,“我？咖喱啊。”,「나? 카레인데.」,
ユエナは棚からもう一つ同じカップラーメンを取り出して、,由依奈从货架上又拿出了同样一款泡面。,"유에나가 선반에서 똑같은 컵라면을 하나 더 꺼내더니,",
「食べよう」,“来吃吧。”,「먹자.」,
「ぼくも！？」,“我也要？！”,「나도!?」,
「うんっ」,“嗯。”,「응!」,
「ユエナは結構悪魔だね」,“你也真够恶魔的啊。”,「악마도 혀를 내두르겠는걸.」,
うーんと悩む。ぼく自身辛い物は苦手ではない、むしろ得意な方だけど……。,我不禁烦恼起来，虽然我自己并不怕辣，不如说还挺会吃辣的……,신음하며 고민한다. 나는 매운 음식을 싫어하지 않는다. 오히려 잘 먹는 편이긴 한데…….,
「……」,“……”,「…….」,
なんだか見つめられてしまってはここで逃げるのは男として避けたかった。,总觉得，被人这么看着，作为一个男生，还是不想逃避啊。,이렇게 쳐다보는데 도망치는 건 남자로서 용납할 수 없다.,
「わかった、ぼくもそれにしよう」,“明白了，那我也吃这个。”,「알았어. 나도 그걸로 할게.」,
カレーを戻して、同じ激辛カップラーメンをレジへもっていき会計する。,我把咖喱放回去，拿起同款特辣泡面去柜台买单了。,카레를 제자리에 놓은 뒤 매운 컵라면을 계산대로 가져가 계산한다.,
「ありがっ、とゃーしたー」,“谢谢～光临——”,"점원「감삼다, 안녜세요ー」",
雑な店員の声をききながらお釣りとカップラーメンを受け取る。,我听着店员应付的话语，接过了找零和泡面。,점원의 무성의한 목소리를 들으며 거스름돈과 컵라면을 받는다.,
「はい、ユエナ」,“由依奈，给。”,"「여기, 유에나.」",
ユエナの分を一つ渡す。,我把一碗递给了由依奈。,유에나의 몫을 하나 건넨다.,
「あ、これ4分じゃん。ラッキー」,“啊，需要四分钟啊，真幸运。”,"「아, 이거 4분짜리네. 나이스.」",
たまにある３分じゃできないカップラーメン。これは4分だった。,偶尔会买到那种三分钟泡不好的泡面，这款是四分钟的。,가끔 있는 3분 이상 걸리는 컵라면. 이건 4분이었다.,
ぼくらはカップラーメンにお湯をいれてコンビニを出る。,我们往碗里加好开水，走出便利店。,우리는 컵라면에 뜨거운 물을 붓고 편의점을 나왔다.,
「こぼさないように急ごう」,“走快点吧，不过别打翻了。”,「빨리 가자. 흘리지 않게 조심하고.」,
先頭に立って歩き出す。,我走在了前面。,선두에 서서 걸어간다.,
両手で抱えるカップラーメンの容器が熱い。,两手抱着的泡面挺烫的。,두 손으로 감싸 쥔 컵라면 용기가 뜨겁다.,
折れた蓋と容器の隙間からこぼれる湯気が後ろへ流れていく。,热气从塑料盖和碗之间的缝隙中飘出，向后飘去。,접힌 뚜껑과 용기 틈새로 피어오르는 김이 뒤로 흘러간다.,
なんか、,我不禁——,이 기분을 뭐라고 해야 할까.,
「いいな……」,“真好啊……”,「좋다…….」,
ぼくは思う。,闪过了这样的想法。,나는 중얼거렸다.,
「ユエナ、ちゃんとついてきている？」,“由依奈，跟得上吗？”,"「유에나, 잘 따라오고 있어?」",
「うん」,“嗯。”,「응.」,
後ろを振り返る余裕がないので声だけで確認をとる。,因为我没有空回头，所以只能通过对话确认。,뒤돌아볼 여유가 없어 목소리로만 확인한다.,
「りょうかい！」,“明白了！”,「오케이!」,
はりきって声を出す。,我说得很果断。,활기차게 소리친다.,
「よし、ここ曲がるよ」,“好，在这里转弯。”,"「좋아, 여기서 돌면 돼.」",
また泉へと戻ってくる。,我们又回到了泉水旁。,다시 샘으로 돌아왔다.,
ぼくらは倒木に座って、付属の液体スープを投入した。,然后坐在倒下的树干上，把附送的汤包倒了进去。,우리는 쓰러진 나무에 앉아 액상 스프를 투입했다.,
「うっ……」,“呜……”,「윽…….」,
匂いでわかる、これは相当に辛い！,光闻闻就知道，这个相当辣啊！,냄새에서 느껴진다. 이건 상당히 맵다!,
ユエナはそんなぼくをじっと見つめながら液体スープを入れている。澄ました顔で。,由依奈看着我，也把汤包倒了进去，但神情很淡定。,유에나는 그런 나를 물끄러미 쳐다보다가 액상 스프를 넣고 있다. 새초롬한 얼굴로.,
「よし」,“好。”,「됐다.」,
全て入れ終わって容器を持ち上げる。,把汤料都倒了进去，我端起泡面。,스프를 전부 넣고 용기를 들어올린다.,
割り箸を一つユエナに渡す。,然后把一双筷子递给了由依奈。,나무젓가락 하나를 유에나에게 건넨다.,
「じゃ、いただきます」,“那么，我开动了。”,"「그럼, 잘 먹겠습니다.」",
パキッと割り箸を割る音が静かに響く。,周围很安静，筷子被掰开的清脆声音很是明显。,나무젓가락 쪼개는 소리가 조용하게 울린다.,
一方隣でバキッと音がして、隣をみるとユエナが明らかに失敗した割り箸を持って呆然としていた。,可身边只传来了很不干脆的声音，我看过去，只有没有掰好的筷子，以及一脸懵圈地拿着筷子的由依奈。,옆에서도 똑 소리가 들려 온다. 고개를 돌려보니 유에나가 제대로 실패한 나무젓가락을 들고 멍하니 있었다.,
「ユエナ、割り箸わるのすっごい下手くそだね」,“由依奈，你很不会掰筷子啊。”,「유에나. 나무젓가락 나누는 거 엄청 못하네.」,
「わたし、初めてやった」,“我，第一次掰。”,"「나, 처음 해 봤어.」",
「それはなかなか苦しい言い訳だと思う」,“这借口还真是尴尬啊。”,「그건 좀 듣기 괴로운 변명 같아.」,
この歳で割り箸を割ったことがない人はいないだろう。決めつけはよくないけど、きっとそうに違いない。,应该不会有人这么大了还没掰过筷子吧？虽然乱下结论不好，但应该是没错的。,"이 나이에 나무젓가락을 써 보지 않은 사람은 없을 것이다. 멋대로 단정 짓는 것은 좋지 않지만, 분명히 그럴 것이다.",
「食べれるから、いい」,“反正能吃，没事的。”,"「먹을 수 있으니까, 괜찮아.」",
真っ赤なスープから麺を掬い上げてすする。,她用筷子从火红的汤里夹起面条，吸了起来。,새빨간 국물에서 면을 건져 후루룩 먹는다.,
「じゃ、ぼくもいただきます」,“那么，我也开动了。”,「그럼 나도 먹어야겠다.」,
麺を持ち上げ、ふぅと少し冷ましてからすする。,我也夹起面条，稍微吹了一下，吸了起来。,"면을 집고, 후후 불어 식힌 뒤 먹는다.",
「げほっ！」,“咳咳！”,「콜록!」,
辛い！,好辣啊！,매워!,
じわっと額に汗が滲む。ちらっとユエナを一瞥するとユエナは涼しい顔でラーメンを頬張っていた。,汗水从额头渗了出来。可我往身边一瞥，只见到由依奈一脸淡定地吃着泡面。,"이마에 땀이 송골송골 맺힌다. 옆을 힐끔 쳐다보자, 유에나가 차분한 표정으로 라면을 오물거리고 있다.",
「す、すごいね……。美味しい？」,“好、好厉害啊……好吃吗？”,"「대, 대단하네……. 맛있어?」",
「うん」,“嗯。”,「응.」,
「それはなにより」,“那就好。”,「그렇다면 다행이고.」,
ぼくももう一口麺をすする。,我也又吸了一口面。,나도 다시 면을 건져 먹는다.,
辛い。でも――美味しい。,很辣，但是——很香。,맵다. 하지만 맛있다.,
外で食べているからか。隣にユエナがいるからか。,不知道是因为在外面吃，还是因为在由依奈旁边吃。,야외에서 먹기 때문일까. 옆에 유에나가 있기 때문일까.,
多分、どっちもなんだと思いながら、ぼくは湯気が立ち昇る先を見つめる。,估计都有吧，我心里想着这些，眼神看向了热气飘向的地方。,아마 둘 다일 것이다. 나는 피어오르는 증기를 바라보았다.,
「ねえ、ユエナ」,“对了，由依奈。”,"「있잖아, 유에나.」",
「……」,“……”,「…….」,
ユエナは麺をほおばったところで、こちらを向いた。,由依奈嘴里含着面，看了过来。,유에나가 면발을 입에 가득히 문 상태로 고개를 돌린다.,
口から麺が伸びている。,面都挂在嘴上。,입술 사이로 면이 튀어나왔다.,
「ごめん、それ食べてからでいいよ」,“抱歉，你先吃完吧。”,"「미안, 그거 다 먹고 해도 돼.」",
ユエナが涼しい顔で麺をズズッとすするのを見終えてから話しかける。,等由依奈淡定地把面吸进嘴里我才继续说。,나는 유에나가 면을 마저 다 먹고 난 뒤에 다시 말했다.,
「ユエナは、ここで何をしているの？」,“由依奈啊，你在这里做什么呢？”,"「유에나는, 여기서 뭘 하고 있었어?」",
「何を、したらいいと思う？」,“你觉得，我应该做什么呢？”,"「뭘, 하면 좋을 것 같아?」",
質問で返されてぼくは悩む。,她反问过来，我倒是烦恼起来了。,나는 되레 질문을 받아 고민했다.,
「え、そうだなあ。うーん……」,“哎，确实啊，嗯……”,"「음, 글쎄. 으음…….」",
考えてみたけど特にいい案は浮かばない。,我想了想，但也没有什么好点子。,생각해 봐도 특별히 좋은 답이 떠오르지 않는다.,
ただぼくの顔の前を通って湯気がたちのぼって空に消えていく。,只有热气不断从我眼前飘过，然后消散在空中。,뜨거운 김이 하늘로 오르며 이내 사라진다.,
「なにしても、いいんじゃないかな？」,“我觉得，做什么都可以吧？”,「뭘 하든 상관없지 않을까?」,
「なに、しても？」,“做什么，都可以？”,"「뭘, 하든?」",
「うん。したいことが分からないなら、まずはそれを見つけることをしたいことにしようよ。ほら、したいことが見つかった」,“嗯。既然不知道想做什么，那就先找到再说。你看，这不就有事情做了嘛。”,「응. 뭘 하고 싶은지 모르겠다면 일단 그것부터 찾고 싶다고 생각하면 돼. 그럼 하고 싶은 게 생긴 거지.」,
「って、こんな答えじゃだめかな」,“不过，这个答案也不是事啊。”,「이런 대답으로는 안 될까.」,
ぼくなりに良いことを言ったつもりだったのだけど、,虽然我觉得还算是个好答案，,내 나름대로 괜찮은 말을 했다고 생각했지만,
「だめ」,“不行。”,「안 돼.」,
ユエナに即答で否定されてしまった。,但立刻就被由依奈否定掉了。,유에나가 딱 잘라 부정해버린다.,
「うっ、やっぱり結構辛辣なんだね」,“呜，果然你好狠啊。”,「윽. 역시 신랄하네.」,
ショックだ。ちょっといいこと言ったつもりだったのに。,好受打击。明明我只是想稍微说点好话的。,충격이다. 꽤 괜찮은 말이라고 생각했는데.,
自惚れを感じる。,有点自我陶醉了。,자만심이었나.,
「したいこと、わたしがしなくちゃいけないこと、本当はある」,“想做的事，我必须要做的事，确实是有的。”,"「하고 싶은 것, 내가 해야만 하는 것, 사실은 있어.」",
ユエナがゆっくり語りだす。,由依奈慢慢地说出来。,유에나가 천천히 말을 꺼낸다.,
「でも今は、それがやれない」,“但是，现在做不了。”,"「그래도 지금은, 그걸 할 수 없어.」",
「お金がないとか、時間がないとか？」,“是因为没钱，或者没时间吗？”,"「돈이, 아니면 시간이 없어서?」",
「ちがう。そういうのじゃない」,“不是，不是那个原因。”,「아니야. 그런 게 아니야.」,
ユエナは首を横にふる。,由依奈摇了摇头。,유에나가 고개를 가로저었다.,
「一人じゃできないとか？」,“一个人做不到吗？”,「혼자서는 못할 일이라든가?」,
「できる……」,“做得到……”,「할 수 있어…….」,
次第にユエナの表情が陰っていく。,然后她的的表情阴沉了下去。,유에나의 표정이 점점 어두워진다.,
「ボクはできる！」,“我能做到的！”,「나는 할 수 있어!」,
ユエナが声をあげた。,她把声音抬高了一些。,유에나가 소리쳤다.,
大きな声ではなかったけど、その声はまっすぐぼくに届いた。,虽然不是特别大声，但我听得清清楚楚。,큰소리는 아니었지만 그 목소리는 내 귀에 곧바로 닿았다.,
ユエナは大声をあげたことに何の反応もしめしていなかった。それはまるで気にしていないか、もしくはなかったことのように、ユエナは再び麺をすすりはじめる。,但由依奈并没有更多的反应了，仿佛就像是毫不在意，甚至是当做无事发生一样继续吸起了面条。,"유에나는 자신이 소리친 것에 대해 아무런 반응도 보이지 않았다. 전혀 신경 쓰지 않는 것처럼, 혹은 없었던 일로 무마하려는 것처럼, 유에나는 다시 면을 흡입했다.",
「うん、ユエナはできると思うよ」,“嗯，我相信你是能做到的。”,「응. 유에나라면 할 수 있을 거야.」,
ああ、言わなくてもいいのに、なんて自分の心の中で思いながら喋りだした口は止まらない。,啊……明明不用说也可以的，可我就是容易把心里想的话给说出来。,"아아, 굳이 말하지 않아도 되는데. 생각은 그렇게 하지만 이미 열린 입은 멈출 수 없다.",
「もしぼくにできることがあれば手伝うから、こうみえても結構裏方とか好きだし、誰かを手伝うの好きなんだ」,“如果有什么我能做到的，就让我帮忙吧。其实我还挺喜欢当幕后助推人的，也很喜欢帮助别人。”,"「만약 내가 할 수 있는 게 있다면 도와줄게. 이래 봬도 뒤치다꺼리 잘하고, 다른 사람 돕는 걸 좋아하거든.",
「ともきには、無理」,“智纪，你是做不到的。”,"「토모키는, 못해.」",
「そ、そっか……ごめん」,“这这样啊……抱歉。”,"「그, 그렇구나……. 미안.」",
「多分、ともきは悪くない。わたしもきっと、悪くない」,“大概，智纪没有错。然后，我也一定没有错。”,"「아마도, 토모키는 나쁘지 않아. 나도 분명히, 나쁘지 않아.」",
「ユエナ？」,“由依奈？”,「유에나?」,
「でも、このカップラーメンは美味しい」,“不过，这个泡面真的好吃。”,"「그래도, 이 컵라면은 맛있어.」",
ユエナは、おおかた麺は全て食べてしまったようで、汁をずずずと飲み始める。,由依奈看来是把面吃光，开始喝起了汤。,유에나는 면을 거의 다 먹어치웠는지 국물을 후루룩 마시기 시작했다.,
ユエナの言っていることはよくわからなかったけど、ただカップラーメンが美味しいことには同意だった。,虽然我不明白她刚才说的是什么，但泡面好吃这点我还是同意的。,"유에나가 무슨 말을 하는지 이해하지 못했지만, 컵라면이 맛있다는 말에는 동의한다.",
ものすごく辛いし、唇や舌先はいたいし、汗も鼻水も止まらないけど。,虽然这面相当辣，嘴唇和舌尖都很痛，汗水和鼻涕也停不下来。,엄청나게 맵고 입술과 혀끝이 따끔거리고 땀에 콧물까지 흐르지만.,
「ともき」,“智纪。”,「토모키.」,
ユエナはぼくの名前を呼んで、じっと見つめてくる。,她叫着我的名字，直直地看着我。,유에나가 내 이름을 부르며 빤히 쳐다본다.,
「な、なに？」,“怎、怎么了？”,"「엇, 왜?」",
その目力といえばいいんだろうか、ぼくはユエナという小さな女の子に圧倒される。,气势上我完全败给了这个叫做由依奈的女孩。,"눈빛에 힘이 있다고 해야 할까, 나는 유에나라는 작은 여자아이에게 압도당했다.",
「だれかくる」,“有人过来了。”,「누가 와.」,
「え？」,“哎？”,「뭐?」,
ぼくは泉の向こう側に目を凝らす。たしかにライトをつけた誰かがこちらへ向かっているようだった。,我看向了泉水另一侧，确实有人打着手电过来了。,나는 샘 건너편을 응시했다. 확실히 라이트를 켠 누군가가 이쪽으로 오는 듯했다.,
「ユエナ」,“由依奈。”,「유에나.」,
ぼくはユエナの手を取る。,我拉起了她的手。,나는 유에나의 손을 잡았다.,
別に逃げる必要も特にはなかったんじゃないかと、後から思う。,虽然之后才发觉其实没有必要逃跑。,"이때 굳이 도망갈 필요는 없지 않았을까, 뒤늦게 생각했다.",
けれどこの時は、ぼくらの場所を、ぼくらの時間を邪魔をされたような気分で、,但在那个时候我觉得，那片属于我们的地方、那段属于我们的时间被人打搅了，,"하지만 이때는 우리의 장소를, 우리의 시간을 방해받은 듯한 기분이 들어서.",
そしてなんとなくユエナを誰にもあわせたくなくて、ぼくはユエナの手をとった。,我就是在那种不想让任何人见到由依奈的心情下，拉起了她的小手。,"그리고 왠지 모르게 유에나를 다른 누구에게도 보여주고 싶지 않아서, 나는 유에나의 손을 잡았다.",
「ゴミはちゃんと片付けにくるから」,“垃圾我等会儿会来收拾的。”,「쓰레기는 나중에 꼭 정리하러 올 테니까.」,
少し食べかけのカップラーメンの容器をそのままにして、ぼくらはその場から逃げるように去った。,我们丢下了还没吃完的泡面碗，径直逃离了那里。,"먹다 만 컵라면 용기를 그대로 내버려 둔 채, 우리는 그곳에서 도망치듯 떠나갔다.",
「はあ……はあ……はあ」,“哈啊……哈啊……哈啊。”,「하아……. 하아……. 하아.」,
ながらくと走って随分と距離を取ったはず。,稍微跑了一会儿，应该够远了。,오랫동안 달렸으니 제법 멀어졌을 것이다.,
あがる息を整える。,我调整了一下呼吸。,거친 숨결을 가다듬는다.,
「ここまでこれば……だいじょうぶ、かな」,“跑到这里的话……应该，没问题了吧。”,"「이 정도 왔으면…… 괜찮, 겠지.」",
夏も近い季節だ。夜風は涼しくても走れば暑い。ただでさえ辛いラーメンを食べていたんだ、汗がとまらない。,现在离夏天也不远了，虽说晚上还算凉快，但跑起来就热了。况且刚才还吃了那么辣的泡面，汗水根本停不下来。,여름에 가까운 계절이다. 밤바람이 시원해도 달리면 덥다. 가뜩이나 매운 라면을 먹고 있었기에 땀이 멈추지 않는다.,
「ごめんユエナ、走らせて」,“抱歉啊由依奈，突然拉着你跑。”,"「미안해, 유에나. 괜히 뛰게 해서.」",
ぜぇはぁ息を整えながら後ろを振り返る。,我好容易调整了呼吸，往后一转。,힘겹게 숨을 고르며 뒤를 돌아본다.,
「ん？」,“嗯？”,「응?」,
実に涼しい顔で首を傾げて笑った。,她却跟个没事人一样歪头笑着。,대단히 태연한 얼굴로 고개를 기울이며 웃는다.,
「ともき、結構速い」,“智纪，还挺快的。”,"「토모키, 꽤 빨라.」",
「そ、そう？」,“是、是吗？”,"「그, 그래?」",
運動部ではないから運動は得意ではないけど、女の子に足が速いと言われるのは男として嬉しい。,虽然我不是体育社团的，也不擅长运动。但能被女孩子说跑得快，作为男生还是有些开心的。,"운동부가 아닌 만큼 운동에 재능은 없지만, 여자에게 발이 빠르단 소리를 들으니 남자로서 기쁘다.",
クラスの運動できるやつの気持ちが少し分かって羨ましくなる。,我稍微明白班里那些擅长运动的人的心情了，不禁有些羡慕。,반에서 운동 잘하는 녀석들의 마음이 조금은 이해가 됐고 이내 부러움이 치솟았다.,
「ありがとう、はじめて言われたよ……あ」,“谢谢，头一回被人这么说……啊。”,「고마워. 그런 말 처음 들었어…… 아.」,
手を繋いだままだ。,手还是牵得紧紧地。,아직 손을 잡은 상태다.,
「ご、ごめん！」,“对、对不起！”,"「미, 미안해!」",
慌てて離す。,慌忙把手松开。,황급히 놓는다.,
「あ」,“啊。”,「아.」,
一瞬だけユエナが寂しそうな瞳をした気がした。,一瞬间，我似乎从她的眼瞳里读出了一丝寂寞。,순간 유에나의 눈빛에서 쓸쓸한 기색이 엿보인 듯했다.,
「ともき」,“智纪。”,「토모키.」,
「なに？」,“什么？”,「왜?」,
「帰る？」,“回去吗？”,「갈 거야?」,
「そう、だね」,“说得，也是啊。”,"「그래야, 겠지.」",
スマホで時間を確認する。それなりに時間は経っていた。,我看了看手机，时间也不早了。,스마트폰으로 시간을 확인한다. 적잖게 시간이 지났다.,
「そう。ならわたしも」,“这样，那么我也。”,「그래. 그럼 나도.」,
ユエナが髪を翻らせ、くるんと反転して歩き出す。,她甩了下头发，转身就走了。,유에나가 머리카락을 쓸어 넘기며 휙 돌아 걸어간다.,
「ユエナ？」,“由依奈？”,「유에나?」,
ユエナは振り返らない。,可她并没有回头。,유에나는 돌아보지 않는다.,
「じゃ、じゃあね」,“再、再见啊。”,"「자, 잘 가.」",
ユエナは一度だけ振り返って、,由依奈就回了一次头，,그때 유에나는 딱 한 번 돌아보고,
「じゃーね」,“再见～”,「잘 가.」,
手をひらひらと振る。なんだか悲しい別れ方だ。,挥了挥手，总觉得这方式有些悲伤。,손을 살랑살랑 흔들었다. 헤어지는 모양새가 어쩐지 서글프다.,
少し寂しく感じつつも、ぼくもユエナに背を向け歩き出す。,虽然有些寂寞，但我也转身走了起来。,"약간의 쓸쓸함을 삼키며, 나도 유에나를 등지고 걷기 시작한다.",
だけどちょっとだけ気になって、後ろを振り返る。,但稍微有点在意，所以回了一次头。,하지만 조금 신경이 쓰여 뒤를 돌아보았다.,
「……え」,“……哎。”,「……어.」,
そこに――ユエナはもういなかった。,但是——已经看不到由依奈的身影了。,그곳에―― 유에나는 없었다.,
「え、え……」,“哎，哎……？”,"「어, 어어…….」",
曲がり角も隠れる場所もない田舎の一本道。,这里可是没有拐角和藏身处的笔直乡间小路。,길모퉁이도 없고 몸을 숨길 곳도 없는 시골의 외길.,
ユエナから目を離して数秒しか経っていない。,而且她离开我视线的时间也就几秒钟。,유에나에게서 눈을 뗀 지 불과 몇 초밖에 지나지 않았다.,
「ユエナって、もしかして幽霊……？」,“难道说，她是幽灵不成？”,"「유에나, 설마 유령……?」",
少し考えていきついた答えがこれ。,我稍微想了一下，只能得出这么个答案。,잠시 생각한 끝에 다다른 결론.,
まさかそんなことはない、と思いつつ火照っていた身体が次第に冷えてくる。,虽说脑子想否定这个想法，但身体的热度逐渐冷了下去。,"설마 그건 아닐 거라고 생각하지만, 그러면서도 달아올랐던 몸이 천천히 식어 간다.",
腕に鳥肌がいくつか立ったのがわかった。,我甚至都感觉到胳膊起鸡皮疙瘩了。,팔에 주르륵 소름이 돋는다.,
「うそ、でしょ」,“骗人、的吧。”,"「설마, 아니지?」",
もしやぼくはホラー小説の主人公になったかもしれない。,没准我已经成为恐怖小说的主人公了吧？,어쩌면 나는 공포소설의 주인공이 된 것인지도 모른다.,
そんな予感が全身を駆け巡って、,当这种预感越来越强烈的时候——,그런 예감이 온몸을 감싸자,
「そんなの、嫌なんだけど！」,“那种事情，我可不愿意啊！”,"「그런 거, 싫어한다고!」",
家までの道を全力疾走で走った。,我已经飞奔在回家的路上了。,집까지 이어진 길을 전력으로 질주했다.,